<?xml version="1.0" encoding="UTF-8"?>
<!DOCTYPE suite SYSTEM "http://testng.org/testng-1.0.dtd" >
<suite name="Suite1" parallel="false" preserve-order="true">
	<test name="Test1">
	   	<parameter name="deviceName_" value="26EBB18720153740"/>
		<parameter name="platformVersion_" value="8.0" /> 
		<parameter name="platformName_" value="Android" />
		<parameter name="appPackage_" value="com.applications.lifestyle" />
		<parameter name="appActivity_" value="com.landmarkgroup.landmarkshops.module.splash.activity.SplashActivityV2" />
		
		<classes>
			<class name="TestBase.DriverBase" />
			<class name="TestScript.LifeStyle_TestCases" />
		</classes>
	</test>
</suite>